name,team,bye,YAHOOprojected,pos
Lamar Jackson,BAL,7,367.0,QB
Patrick Mahomes,KC,10,339.2,QB
Dak Prescott,DAL,10,335.6,QB
Russell Wilson,SEA,6,318.1,QB
Kyler Murray,ARI,8,314.5,QB
Deshaun Watson,HOU,8,312.6,QB
Josh Allen,BUF,11,307.4,QB
Matt Ryan,ATL,10,299.8,QB
Carson Wentz,PHI,9,294.8,QB
Drew Brees,NO,6,289.8,QB
Aaron Rodgers,GB,5,282.6,QB
Matthew Stafford,DET,5,282.1,QB
Jared Goff,LAR,9,270.8,QB
Tom Brady,TB,13,268.1,QB
Cam Newton,NE,5,267.3,QB
Gardner Minshew,JAC,8,266.1,QB
Daniel Jones,NYG,11,263.8,QB
Ryan Tannehill,TEN,4,260.1,QB
Kirk Cousins,MIN,7,252.2,QB
Joe Burrow,CIN,9,252.0,QB
Ben Roethlisberger,PIT,4,251.5,QB
Jimmy Garoppolo,SF,11,249.7,QB
Baker Mayfield,CLE,9,244.0,QB
Drew Lock,DEN,5,242.4,QB
Philip Rivers,IND,7,241.1,QB
Teddy Bridgewater,CAR,13,231.5,QB
Sam Darnold,NYJ,10,225.0,QB
Derek Carr,LV,6,224.9,QB
Dwayne Haskins,WAS,8,198.9,QB
Tyrod Taylor,LAC,6,178.5,QB
Ryan Fitzpatrick,MIA,7,166.5,QB
Nick Foles,CHI,11,161.7,QB
Tua Tagovailoa,MIA,7,118.8,QB
Mitchell Trubisky,CHI,11,96.6,QB
Justin Herbert,LAC,6,89.8,QB
Marcus Mariota,LV,6,36.1,QB
Jarrett Stidham,NE,5,30.3,QB
Jalen Hurts,PHI,9,26.7,QB
Taysom Hill,NO,6,25.8,QB
Mason Rudolph,PIT,4,21.8,QB
Will Grier,CAR,13,21.8,QB
Alex Smith,WAS,8,18.6,QB
Jake Luton,JAC,8,17.2,QB
Colt McCoy,NYG,11,14.5,QB
Sean Mannion,MIN,7,14.1,QB
Jordan Love,GB,5,13.6,QB
Jeff Driskel,DEN,5,13.2,QB
Ryan Finley,CIN,9,13.2,QB
AJ McCarron,HOU,8,12.0,QB
Case Keenum,CLE,9,11.7,QB
Logan Woodside,TEN,4,10.3,QB
Robert Griffin III,BAL,7,10.1,QB
Blaine Gabbert,TB,13,9.7,QB
Matt Barkley,BUF,11,8.7,QB
Jameis Winston,NO,6,6.8,QB
Nick Mullens,SF,11,6.4,QB
Chase Daniel,DET,5,5.8,QB
Andy Dalton,DAL,10,4.2,QB
Chad Henne,KC,10,3.3,QB
Christian McCaffrey,CAR,13,340.0,RB
Dalvin Cook,MIN,7,280.6,RB
Saquon Barkley,NYG,11,277.7,RB
Ezekiel Elliott,DAL,10,277.7,RB
Derrick Henry,TEN,4,257.0,RB
Alvin Kamara,NO,6,251.5,RB
Clyde Edwards-Helaire,KC,10,233.5,RB
Aaron Jones,GB,5,227.9,RB
Joe Mixon,CIN,9,223.6,RB
Kenyan Drake,ARI,8,220.4,RB
Miles Sanders,PHI,9,220.1,RB
Todd Gurley,ATL,10,211.4,RB
Austin Ekeler,LAC,6,209.5,RB
Nick Chubb,CLE,9,204.5,RB
Josh Jacobs,LV,6,204.4,RB
Chris Carson,SEA,6,201.2,RB
James Conner,PIT,4,200.1,RB
David Johnson,HOU,8,196.8,RB
Le'Veon Bell,NYJ,10,188.1,RB
Melvin Gordon,DEN,5,170.9,RB
Mark Ingram,BAL,7,164.7,RB
Antonio Gibson,WAS,8,161.4,RB
Leonard Fournette,TB,13,157.5,RB
Jonathan Taylor,IND,7,151.2,RB
Cam Akers,LAR,9,150.5,RB
James White,NE,5,148.7,RB
Raheem Mostert,SF,11,146.1,RB
Kareem Hunt,CLE,9,145.7,RB
Devin Singletary,BUF,11,144.3,RB
Tevin Coleman,SF,11,140.6,RB
David Montgomery,CHI,11,136.7,RB
Tarik Cohen,CHI,11,136.4,RB
D'Andre Swift,DET,5,134.2,RB
Matt Breida,MIA,7,131.1,RB
Marlon Mack,IND,7,129.8,RB
Phillip Lindsay,DEN,5,129.2,RB
Duke Johnson,HOU,8,126.8,RB
J.K. Dobbins,BAL,7,114.9,RB
Latavius Murray,NO,6,112.9,RB
Kerryon Johnson,DET,5,110.7,RB
Jordan Howard,MIA,7,108.8,RB
Chris Thompson,JAC,8,107.4,RB
Ronald Jones,TB,13,102.1,RB
Zack Moss,BUF,11,99.5,RB
Boston Scott,PHI,9,93.1,RB
Nyheim Hines,IND,7,90.9,RB
Jamaal Williams,GB,5,89.4,RB
Chase Edmonds,ARI,8,85.1,RB
Darrynton Evans,TEN,4,84.8,RB
Alexander Mattison,MIN,7,84.4,RB
Damien Harris,NE,5,82.2,RB
Jalen Richard,LV,6,81.9,RB
Darrell Henderson,LAR,9,81.1,RB
Tony Pollard,DAL,10,81.0,RB
Sony Michel,NE,5,80.3,RB
Darrel Williams,KC,10,79.6,RB
Justin Jackson,LAC,6,78.4,RB
AJ Dillon,GB,5,78.0,RB
Adrian Peterson,DET,5,75.2,RB
Giovani Bernard,CIN,9,74.7,RB
Ryquell Armstead,JAC,8,69.0,RB
Anthony McFarland Jr.,PIT,4,68.8,RB
Dion Lewis,NYG,11,68.4,RB
Malcolm Brown,LAR,9,67.1,RB
Devine Ozigbo,JAC,8,66.3,RB
Brian Hill,ATL,10,63.5,RB
Carlos Hyde,SEA,6,63.5,RB
Peyton Barber,WAS,8,63.2,RB
Rex Burkhead,NE,5,59.6,RB
Joshua Kelley,LAC,6,59.5,RB
James Robinson,JAC,8,59.3,RB
Benny Snell,PIT,4,57.1,RB
Royce Freeman,DEN,5,56.2,RB
Jerick McKinnon,SF,11,54.2,RB
Jaylen Samuels,PIT,4,50.1,RB
Frank Gore,NYJ,10,48.1,RB
Lynn Bowden Jr.,MIA,7,44.1,RB
Mike Davis,CAR,13,43.5,RB
Rashaad Penny,SEA,6,37.6,RB
Ito Smith,ATL,10,34.3,RB
La'Mical Perine,NYJ,10,34.3,RB
LeSean McCoy,TB,13,31.0,RB
Mike Boone,MIN,7,29.0,RB
Travis Homer,SEA,6,28.9,RB
Bryce Love,WAS,8,27.8,RB
Gus Edwards,BAL,7,26.2,RB
Corey Clement,PHI,9,24.9,RB
Darwin Thompson,KC,10,23.3,RB
Justice Hill,BAL,7,22.5,RB
Jeff Wilson,SF,11,22.3,RB
Ryan Nall,CHI,11,21.9,RB
Tyler Ervin,GB,5,19.3,RB
Patrick Laird,MIA,7,18.9,RB
T.J. Yeldon,BUF,11,18.8,RB
DeeJay Dallas,SEA,6,15.1,RB
Ke'Shawn Vaughn,TB,13,14.1,RB
Trayveon Williams,CIN,9,13.7,RB
Khari Blasingame,TEN,4,13.4,RB
D'Ernest Johnson,CLE,9,12.5,RB
Wayne Gallman,NYG,11,11.1,RB
Eno Benjamin,ARI,8,11.0,RB
Buddy Howell,HOU,8,10.5,RB
Ty Montgomery,NO,6,10.2,RB
Jordan Wilkins,IND,7,7.3,RB
Qadree Ollison,ATL,10,6.9,RB
Michael Thomas,NO,6,266.8,WR
Davante Adams,GB,5,242.2,WR
Julio Jones,ATL,10,231.1,WR
DeAndre Hopkins,ARI,8,208.0,WR
Tyreek Hill,KC,10,203.4,WR
Kenny Golladay,DET,5,199.9,WR
Robert Woods,LAR,9,195.3,WR
JuJu Smith-Schuster,PIT,4,194.1,WR
Adam Thielen,MIN,7,193.8,WR
Chris Godwin,TB,13,189.9,WR
DeVante Parker,MIA,7,188.4,WR
Amari Cooper,DAL,10,188.0,WR
Odell Beckham Jr.,CLE,9,187.0,WR
A.J. Brown,TEN,4,186.0,WR
Cooper Kupp,LAR,9,185.6,WR
D.J. Moore,CAR,13,184.0,WR
Calvin Ridley,ATL,10,183.1,WR
Keenan Allen,LAC,6,182.7,WR
Tyler Lockett,SEA,6,182.2,WR
Allen Robinson,CHI,11,182.0,WR
Courtland Sutton,DEN,5,179.1,WR
T.Y. Hilton,IND,7,175.2,WR
A.J. Green,CIN,9,175.1,WR
Mike Evans,TB,13,174.6,WR
Julian Edelman,NE,5,171.2,WR
DK Metcalf,SEA,6,169.2,WR
D.J. Chark,JAC,8,167.9,WR
Jarvis Landry,CLE,9,165.0,WR
Terry McLaurin,WAS,8,165.0,WR
Michael Gallup,DAL,10,160.0,WR
Stefon Diggs,BUF,11,159.0,WR
Tyler Boyd,CIN,9,156.1,WR
Brandin Cooks,HOU,8,152.8,WR
Marquise Brown,BAL,7,151.1,WR
Jamison Crowder,NYJ,10,151.0,WR
Christian Kirk,ARI,8,144.4,WR
Sterling Shepard,NYG,11,140.3,WR
Henry Ruggs III,LV,6,139.7,WR
Marvin Jones,DET,5,136.7,WR
Diontae Johnson,PIT,4,135.9,WR
DeSean Jackson,PHI,9,135.9,WR
Will Fuller,HOU,8,131.9,WR
John Brown,BUF,11,129.6,WR
Emmanuel Sanders,NO,6,127.1,WR
Anthony Miller,CHI,11,126.6,WR
Deebo Samuel,SF,11,123.6,WR
Golden Tate,NYG,11,122.5,WR
Corey Davis,TEN,4,118.1,WR
Allen Lazard,GB,5,118.0,WR
Michael Pittman Jr.,IND,7,117.6,WR
Preston Williams,MIA,7,117.5,WR
Cole Beasley,BUF,11,117.5,WR
Darius Slayton,NYG,11,116.5,WR
Curtis Samuel,CAR,13,115.0,WR
Danny Amendola,DET,5,111.0,WR
Sammy Watkins,KC,10,109.7,WR
Jerry Jeudy,DEN,5,109.7,WR
Mike Williams,LAC,6,108.7,WR
CeeDee Lamb,DAL,10,105.6,WR
Jalen Reagor,PHI,9,102.7,WR
Breshad Perriman,NYJ,10,101.3,WR
N'Keal Harry,NE,5,99.0,WR
Robby Anderson,CAR,13,98.9,WR
Bryan Edwards,LV,6,98.5,WR
Larry Fitzgerald,ARI,8,97.0,WR
Justin Jefferson,MIN,7,96.0,WR
Parris Campbell,IND,7,87.9,WR
Steven Sims,WAS,8,86.6,WR
Hunter Renfrow,LV,6,86.2,WR
Chris Conley,JAC,8,85.1,WR
Mecole Hardman,KC,10,84.5,WR
Tee Higgins,CIN,9,84.2,WR
Brandon Aiyuk,SF,11,83.5,WR
Randall Cobb,HOU,8,82.2,WR
Russell Gage,ATL,10,78.0,WR
Kendrick Bourne,SF,11,75.6,WR
Laviska Shenault,JAC,8,75.2,WR
Jakeem Grant,MIA,7,72.9,WR
John Ross,CIN,9,72.1,WR
Adam Humphries,TEN,4,71.6,WR
Olabisi Johnson,MIN,7,70.5,WR
James Washington,PIT,4,66.5,WR
Alshon Jeffery,PHI,9,65.9,WR
Jakobi Meyers,NE,5,64.6,WR
Marquez Valdes-Scantling,GB,5,63.7,WR
Dede Westbrook,JAC,8,62.4,WR
Miles Boykin,BAL,7,61.0,WR
Van Jefferson,LAR,9,60.9,WR
Willie Snead,BAL,7,59.5,WR
Kenny Stills,HOU,8,59.0,WR
Tim Patrick,DEN,5,58.3,WR
Phillip Dorsett,SEA,6,57.9,WR
Josh Reynolds,LAR,9,57.5,WR
Chase Claypool,PIT,4,56.2,WR
Keelan Cole,JAC,8,53.8,WR
Dontrelle Inman,WAS,8,53.3,WR
Chris Hogan,NYJ,10,50.6,WR
Tre'Quan Smith,NO,6,49.7,WR
Riley Ridley,CHI,11,48.1,WR
JJ Arcega-Whiteside,PHI,9,47.4,WR
David Moore,SEA,6,47.0,WR
Demarcus Robinson,KC,10,47.0,WR
Rashard Higgins,CLE,9,46.5,WR
Damiere Byrd,NE,5,46.1,WR
Zach Pascal,IND,7,45.6,WR
Joe Reed,LAC,6,45.2,WR
Andy Isabella,ARI,8,45.1,WR
Devin Duvernay,BAL,7,44.9,WR
Equanimeous St. Brown,GB,5,42.6,WR
Scotty Miller,TB,13,42.0,WR
Denzel Mims,NYJ,10,41.5,WR
Antonio Gandy-Golden,WAS,8,40.0,WR
Trent Taylor,SF,11,37.5,WR
Greg Ward,PHI,9,36.0,WR
Tajae Sharpe,MIN,7,35.9,WR
Andre Roberts,BUF,11,35.4,WR
KeeSean Johnson,ARI,8,34.2,WR
Cordarrelle Patterson,CHI,11,34.1,WR
Christian Blake,ATL,10,33.4,WR
Nelson Agholor,LV,6,32.4,WR
Pharoh Cooper,CAR,13,31.4,WR
Auden Tate,CIN,9,30.7,WR
Javon Wims,CHI,11,28.5,WR
Ted Ginn Jr.,CHI,11,27.6,WR
KJ Hamler,DEN,5,25.7,WR
Deonte Harris,NO,6,25.1,WR
Kalif Raymond,TEN,4,23.5,WR
Cody Core,NYG,11,22.8,WR
Cedrick Wilson,DAL,10,19.1,WR
Seth Roberts,CAR,13,12.1,WR
Tyler Johnson,TB,13,11.6,WR
K.J. Osborn,MIN,7,11.3,WR
Justin Watson,TB,13,10.5,WR
Travis Kelce,KC,10,201.5,TE
George Kittle,SF,11,188.5,TE
Zach Ertz,PHI,9,168.0,TE
Darren Waller,LV,6,153.4,TE
Mark Andrews,BAL,7,148.7,TE
Hayden Hurst,ATL,10,137.2,TE
Evan Engram,NYG,11,122.6,TE
Chris Herndon,NYJ,10,122.4,TE
Tyler Higbee,LAR,9,121.5,TE
Mike Gesicki,MIA,7,117.9,TE
Rob Gronkowski,TB,13,116.7,TE
Noah Fant,DEN,5,116.6,TE
Jared Cook,NO,6,115.8,TE
Jonnu Smith,TEN,4,114.3,TE
Hunter Henry,LAC,6,110.1,TE
Austin Hooper,CLE,9,108.5,TE
Jack Doyle,IND,7,107.4,TE
T.J. Hockenson,DET,5,107.0,TE
Dallas Goedert,PHI,9,106.1,TE
Blake Jarwin,DAL,10,98.2,TE
Greg Olsen,SEA,6,98.0,TE
Eric Ebron,PIT,4,94.7,TE
Ian Thomas,CAR,13,94.1,TE
Darren Fells,HOU,8,87.5,TE
Dawson Knox,BUF,11,85.9,TE
Tyler Eifert,JAC,8,85.0,TE
Kyle Rudolph,MIN,7,84.6,TE
Irv Smith,MIN,7,75.9,TE
O.J. Howard,TB,13,72.3,TE
Nick Boyle,BAL,7,68.5,TE
Jimmy Graham,CHI,11,68.0,TE
Jace Sternberger,GB,5,65.0,TE
C.J. Uzomah,CIN,9,64.0,TE
David Njoku,CLE,9,63.7,TE
Gerald Everett,LAR,9,62.0,TE
Jordan Reed,SF,11,61.5,TE
Logan Thomas,WAS,8,61.4,TE
Will Dissly,SEA,6,55.4,TE
Devin Asiasi,NE,5,55.4,TE
Vance McDonald,PIT,4,55.3,TE
Robert Tonyan,GB,5,55.0,TE
Cole Kmet,CHI,11,50.9,TE
Jordan Akins,HOU,8,50.6,TE
Jason Witten,LV,6,49.5,TE
Jesse James,DET,5,46.1,TE
Trey Burton,IND,7,42.2,TE
Maxx Williams,ARI,8,41.6,TE
Anthony Firkser,TEN,4,40.1,TE
Ryan Griffin,NYJ,10,38.8,TE
Foster Moreau,LV,6,36.5,TE
Josh Hill,NO,6,35.5,TE
Tyler Kroft,BUF,11,35.0,TE
Cameron Brate,TB,13,34.2,TE
Jeremy Sprinkle,WAS,8,34.0,TE
Nick Vannett,DEN,5,32.1,TE
Jacob Hollister,SEA,6,27.9,TE
Blake Bell,DAL,10,27.6,TE
Dan Arnold,ARI,8,27.5,TE
Ricky Seals-Jones,KC,10,27.0,TE
Durham Smythe,MIA,7,23.3,TE
Jaeden Graham,ATL,10,21.0,TE
Deon Yelder,KC,10,18.8,TE
Demetrius Harris,CHI,11,18.6,TE
Chris Manhertz,CAR,13,17.7,TE
Kaden Smith,NYG,11,16.8,TE
Albert Okwuegbunam,DEN,5,15.4,TE
Virgil Green,LAC,6,13.3,TE
Mo Alie-Cox,IND,7,12.8,TE
Drew Sample,CIN,9,12.7,TE
Levine Toilolo,NYG,11,12.2,TE
Dalton Schultz,DAL,10,11.7,TE
Marcedes Lewis,GB,5,10.1,TE
Harrison Butker,KC,10,135.0,K
Justin Tucker,BAL,7,132.0,K
Wil Lutz,NO,6,132.0,K
Greg Zuerlein,DAL,10,122.0,K
Zane Gonzalez,ARI,8,122.0,K
Matt Prater,DET,5,121.0,K
Robbie Gould,SF,11,119.0,K
Dan Bailey,MIN,7,118.0,K
Sam Sloman,LAR,9,117.0,K
Chris Boswell,PIT,4,116.0,K
Jason Myers,SEA,6,116.0,K
Stephen Gostkowski,TEN,4,116.0,K
Ryan Succop,TB,13,116.0,K
Younghoe Koo,ATL,10,114.0,K
Brandon McManus,DEN,5,112.0,K
Austin Seibert,CLE,9,112.0,K
Justin Rohrwasser,NE,5,111.0,K
Rodrigo Blankenship,IND,7,111.0,K
Mason Crosby,GB,5,110.0,K
Jake Elliott,PHI,9,109.0,K
Ka'imi Fairbairn,HOU,8,108.0,K
Joey Slye,CAR,13,107.0,K
Eddy Pineiro,CHI,11,107.0,K
Josh Lambo,JAC,8,107.0,K
Randy Bullock,CIN,9,106.0,K
Tyler Bass,BUF,11,104.0,K
Graham Gano,NYG,11,103.0,K
Jason Sanders,MIA,7,101.0,K
Mike Badgley,LAC,6,99.0,K
Daniel Carlson,LV,6,99.0,K
Dustin Hopkins,WAS,8,99.0,K
Sam Ficken,NYJ,10,95.0,K
Pittsburgh Steelers,Pittsburgh Steelers,4,133.0,DEF
Los Angeles Rams,Los Angeles Rams,9,131.0,DEF
San Francisco 49ers,San Francisco 49ers,11,128.0,DEF
Kansas City Chiefs,Kansas City Chiefs,10,124.0,DEF
Philadelphia Eagles,Philadelphia Eagles,9,122.0,DEF
Baltimore Ravens,Baltimore Ravens,7,116.0,DEF
New England Patriots,New England Patriots,5,113.0,DEF
Minnesota Vikings,Minnesota Vikings,7,112.0,DEF
New Orleans Saints,New Orleans Saints,6,111.0,DEF
Buffalo Bills,Buffalo Bills,11,110.0,DEF
Indianapolis Colts,Indianapolis Colts,7,107.0,DEF
Tampa Bay Buccaneers,Tampa Bay Buccaneers,13,105.0,DEF
Houston Texans,Houston Texans,8,102.0,DEF
Denver Broncos,Denver Broncos,5,98.0,DEF
Cleveland Browns,Cleveland Browns,9,97.0,DEF
Washington Football Team,Washington Football Team,8,97.0,DEF
Jacksonville Jaguars,Jacksonville Jaguars,8,97.0,DEF
Seattle Seahawks,Seattle Seahawks,6,96.0,DEF
Carolina Panthers,Carolina Panthers,13,96.0,DEF
New York Jets,New York Jets,10,95.0,DEF
New York Giants,New York Giants,11,94.0,DEF
Detroit Lions,Detroit Lions,5,92.0,DEF
Green Bay Packers,Green Bay Packers,5,92.0,DEF
Tennessee Titans,Tennessee Titans,4,89.0,DEF
Arizona Cardinals,Arizona Cardinals,8,87.0,DEF
Los Angeles Chargers,Los Angeles Chargers,6,87.0,DEF
Chicago Bears,Chicago Bears,11,86.0,DEF
Miami Dolphins,Miami Dolphins,7,84.0,DEF
Cincinnati Bengals,Cincinnati Bengals,9,83.0,DEF
Dallas Cowboys,Dallas Cowboys,10,83.0,DEF
Atlanta Falcons,Atlanta Falcons,10,83.0,DEF
Las Vegas Raiders,Las Vegas Raiders,6,81.0,DEF
